{"cameraMode":{"drawMode":0,"name":"Shaded","section":"Shading Mode"},"sceneLighting":false,"audioPlay":false,"sceneViewState":{"m_AlwaysRefresh":false,"showFog":true,"showSkybox":false,"showFlares":true,"showImageEffects":true,"showParticleSystems":true,"showVisualEffectGraphs":true,"m_FxEnabled":true},"in2DMode":false,"pivot":{"x":1.1294901371002198,"y":-16.566579818725587,"z":42.11115646362305},"rotation":{"x":-0.23453043401241303,"y":-0.010631362907588482,"z":0.002477184170857072,"w":-0.9722177386283875},"size":31.514057159423829,"orthographic":false}