{"cameraMode":{"drawMode":0,"name":"Shaded","section":"Shading Mode"},"sceneLighting":false,"audioPlay":false,"sceneViewState":{"m_AlwaysRefresh":false,"showFog":true,"showSkybox":false,"showFlares":true,"showImageEffects":true,"showParticleSystems":true,"showVisualEffectGraphs":true,"m_FxEnabled":true},"in2DMode":false,"pivot":{"x":-10.502513885498047,"y":-0.8865451812744141,"z":2.100529670715332},"rotation":{"x":0.021265866234898568,"y":-0.6747660040855408,"z":0.019430499523878099,"w":0.7375028133392334},"size":14.675851821899414,"orthographic":false}