{"cameraMode":{"drawMode":0,"name":"Shaded","section":"Shading Mode"},"sceneLighting":false,"audioPlay":false,"sceneViewState":{"m_AlwaysRefresh":false,"showFog":true,"showSkybox":false,"showFlares":true,"showImageEffects":true,"showParticleSystems":true,"showVisualEffectGraphs":true,"m_FxEnabled":true},"in2DMode":false,"pivot":{"x":1.0212483406066895,"y":-16.306373596191408,"z":8.122032165527344},"rotation":{"x":0.029972709715366365,"y":0.7481034398078919,"z":-0.6621439456939697,"w":0.03420718386769295},"size":13.315972328186036,"orthographic":false}